-- phpMyAdmin SQL Dump
-- version 4.8.3
-- https://www.phpmyadmin.net/
--
-- Host: 127.0.0.1
-- Generation Time: Apr 16, 2020 at 10:05 AM
-- Server version: 10.1.36-MariaDB
-- PHP Version: 7.2.10

SET SQL_MODE = "NO_AUTO_VALUE_ON_ZERO";
SET AUTOCOMMIT = 0;
START TRANSACTION;
SET time_zone = "+00:00";


/*!40101 SET @OLD_CHARACTER_SET_CLIENT=@@CHARACTER_SET_CLIENT */;
/*!40101 SET @OLD_CHARACTER_SET_RESULTS=@@CHARACTER_SET_RESULTS */;
/*!40101 SET @OLD_COLLATION_CONNECTION=@@COLLATION_CONNECTION */;
/*!40101 SET NAMES utf8mb4 */;

--
-- Database: `movies`
--

-- --------------------------------------------------------

--
-- Table structure for table `actor`
--

CREATE TABLE `actor` (
  `act_id` int(11) NOT NULL,
  `act_fname` char(20) NOT NULL,
  `act_lname` char(20) NOT NULL,
  `act_gender` char(1) NOT NULL
) ENGINE=InnoDB DEFAULT CHARSET=latin1;

--
-- Dumping data for table `actor`
--

INSERT INTO `actor` (`act_id`, `act_fname`, `act_lname`, `act_gender`) VALUES
(1, 'Dono', 'Warkop', 'M'),
(2, 'Garrik', 'Franceschi', 'M'),
(3, 'Mattheus', 'Lesser', 'M'),
(4, 'Andris', 'Entwisle', 'M'),
(5, 'Rosetta', 'Gyorffy', 'F'),
(6, 'Karalee', 'Bilston', 'F'),
(7, 'Becca', 'Fearn', 'F'),
(8, 'Rois', 'Rathke', 'F'),
(9, 'Lorrie', 'Drennan', 'M'),
(10, 'Brennen', 'Hynard', 'M'),
(11, 'Rodolphe', 'McBryde', 'M'),
(12, 'Wanids', 'Di Filippo', 'F'),
(13, 'Eugenius', 'Imesen', 'M'),
(14, 'Christabel', 'Hedlestone', 'F'),
(15, 'Smitty', 'Somersett', 'M'),
(16, 'Cathlene', 'Yandell', 'F'),
(17, 'Lynne', 'Isakovic', 'F'),
(18, 'Emilio', 'Shambroke', 'M'),
(19, 'Jenine', 'Woolmore', 'F'),
(20, 'Nita', 'Le Noury', 'F'),
(21, 'Juieta', 'Inglish', 'F'),
(22, 'Farr', 'Tottman', 'M'),
(23, 'Wendell', 'Sommer', 'M'),
(24, 'Norton', 'Foden', 'M'),
(25, 'Nonnah', 'Daingerfield', 'F'),
(26, 'Winston', 'Fraschini', 'M'),
(27, 'Marion', 'Vuitton', 'F'),
(28, 'Lurline', 'De Banke', 'F'),
(29, 'Eudora', 'Ralphs', 'F'),
(30, 'Milty', 'Golton', 'M'),
(31, 'Janeva', 'Wort', 'F'),
(33, 'Febryan', 'Ramadhan', 'M'),
(34, 'Tes', 'Tes edit', 'F'),
(35, 'Agung', 'Januar', 'M');

-- --------------------------------------------------------

--
-- Table structure for table `director`
--

CREATE TABLE `director` (
  `dir_id` int(11) NOT NULL,
  `dir_fname` char(20) NOT NULL,
  `dir_lname` char(20) NOT NULL
) ENGINE=InnoDB DEFAULT CHARSET=latin1;

--
-- Dumping data for table `director`
--

INSERT INTO `director` (`dir_id`, `dir_fname`, `dir_lname`) VALUES
(1, 'Michael', 'Bay'),
(2, 'Paulette', 'Murt'),
(3, 'Cary', 'Kopta'),
(4, 'Pip', 'Whilde'),
(5, 'Burl', 'Connaughton'),
(6, 'Parnell', 'Norkutt'),
(7, 'Edita', 'Cumbridge'),
(8, 'Carmella', 'Deabill'),
(9, 'Kippie', 'Nottingam'),
(10, 'Howey', 'Momford'),
(11, 'Rorie', 'Allsup'),
(12, 'Barri', 'Odo'),
(13, 'Hendrika', 'Sommersett'),
(14, 'Basilius', 'Borrell'),
(15, 'Wandis', 'Blanko'),
(16, 'Elliot', 'Findlow'),
(17, 'Francklyn', 'Pyzer'),
(18, 'Roch', 'Chant'),
(19, 'Godfrey', 'Shegog'),
(20, 'Benni', 'MacMoyer'),
(21, 'Rory', 'Nudde'),
(22, 'Maynord', 'Yellowlee'),
(23, 'Edmon', 'Phair'),
(24, 'Hallsy', 'Sobtka'),
(25, 'Ferdy', 'Gettins'),
(26, 'Mandie', 'Lettsom'),
(27, 'Uriel', 'Bubbear'),
(28, 'Woodman', 'Emslie'),
(29, 'Casandra', 'Mathiassen'),
(30, 'Alphonso', 'Cusiter');

-- --------------------------------------------------------

--
-- Table structure for table `genres`
--

CREATE TABLE `genres` (
  `gen_id` int(11) NOT NULL,
  `gen_title` char(20) NOT NULL
) ENGINE=InnoDB DEFAULT CHARSET=latin1;

--
-- Dumping data for table `genres`
--

INSERT INTO `genres` (`gen_id`, `gen_title`) VALUES
(1, 'Horror'),
(2, 'Comedy'),
(3, 'Drama'),
(4, 'Adventure'),
(5, 'Action');

-- --------------------------------------------------------

--
-- Table structure for table `movie`
--

CREATE TABLE `movie` (
  `mov_id` int(11) NOT NULL,
  `mov_title` char(50) NOT NULL,
  `mov_year` int(11) NOT NULL,
  `mov_time` int(11) NOT NULL,
  `mov_lang` char(50) NOT NULL,
  `mov_dt_rel` date NOT NULL,
  `mov_rel_country` char(15) NOT NULL
) ENGINE=InnoDB DEFAULT CHARSET=latin1;

--
-- Dumping data for table `movie`
--

INSERT INTO `movie` (`mov_id`, `mov_title`, `mov_year`, `mov_time`, `mov_lang`, `mov_dt_rel`, `mov_rel_country`) VALUES
(1, 'How the Myth Was Made: A Study of Robert Flaherty\'', 2011, 307, 'Kenya', '2020-03-15', 'Unite'),
(2, 'Prophet, A (Un Prophète)', 2008, 168, 'Spain', '2020-10-19', 'Brune'),
(3, 'Fail Safe', 2000, 189, 'Colombia', '2020-02-26', 'Hondu'),
(4, 'Saps at Sea', 2016, 164, 'Guatemala', '2020-08-11', 'China'),
(5, 'From the East (D\'Est)', 1994, 360, 'Russia', '2020-06-10', 'Russi'),
(6, 'Amour fou, L\'', 2016, 357, 'Canada', '2020-10-03', 'Indon'),
(7, 'Run Lola Run (Lola rennt)', 2001, 294, 'Vietnam', '2020-07-24', 'Cypru'),
(8, 'My Rainy Days', 1991, 271, 'El Salvador', '2020-03-12', 'Russi'),
(9, 'V for Vendetta', 2016, 133, 'Philippines', '2020-05-16', 'Malay'),
(10, 'For the Love of a Dog', 2016, 228, 'Indonesia', '2020-09-20', 'Portu'),
(11, 'Valerie', 2004, 122, 'China', '2020-05-26', 'China'),
(12, 'Scorpion King 3: Battle for Redemption, The', 2016, 225, 'Poland', '2020-12-09', 'Indon'),
(13, 'In Old Chicago', 1997, 331, 'Czech Republic', '2020-11-26', 'Polan'),
(14, 'Good Morning, Vietnam', 2011, 266, 'Greece', '2020-12-24', 'Indon'),
(15, 'Boricua\'s Bond', 2010, 303, 'Indonesia', '2020-04-05', 'Phili'),
(16, 'Brief History of Time, A', 2010, 287, 'Philippines', '2020-12-31', 'Indon'),
(17, 'Angel on My Shoulder', 1993, 121, 'Azerbaijan', '2020-10-22', 'China'),
(18, 'Other End of the Line, The', 1993, 215, 'Laos', '2020-02-24', 'Swede'),
(19, 'Secrets & Lies', 2008, 199, 'New Zealand', '2020-04-27', 'Brazi'),
(20, 'M. Hulot’s Holiday (Mr. Hulot\'s Holiday) (Vacances', 2003, 329, 'Tanzania', '2020-11-08', 'Swede'),
(21, 'Seven Up!', 1993, 323, 'Poland', '2020-09-09', 'Polan'),
(22, 'Tortilla Soup', 2008, 123, 'Poland', '2020-11-17', 'Japan'),
(23, 'Malice', 2008, 336, 'Indonesia', '2020-01-04', 'China'),
(24, 'Betrayed (True and the Brave, The)', 1992, 348, 'China', '2020-07-27', 'China'),
(25, 'Movie Crazy', 1985, 261, 'Philippines', '2020-03-25', 'Brazi'),
(26, 'Fugitive Pieces', 1995, 339, 'Brazil', '2020-07-01', 'Niger'),
(27, 'Assassination of Jesse James by the Coward Robert', 1997, 224, 'Brazil', '2020-06-20', 'China'),
(28, 'Assassination Games', 2000, 174, 'China', '2020-01-14', 'China'),
(29, 'I Became a Criminal (They Made Me a Fugitive)', 1991, 210, 'Indonesia', '2020-06-16', 'Indon'),
(30, 'Magic Man', 2001, 317, 'Thailand', '2020-10-24', 'Polan'),
(34, 'Aadc 5', 2024, 120, 'Indonesia', '2020-04-16', 'Indo'),
(35, 'aadc 6s', 543, 3423, 'asdasd', '2020-04-23', 'asdas'),
(37, 'wqeqw', 1233, 123, 'asdasd', '2020-04-20', 'asda'),
(41, 'gundala', 2020, 150, 'Indonesia', '2020-04-30', 'indonesia'),
(42, 'zxcv', 1234, 1234, 'asdas', '2020-04-28', 'asdasd');

-- --------------------------------------------------------

--
-- Table structure for table `movie_cast`
--

CREATE TABLE `movie_cast` (
  `act_id` int(11) NOT NULL,
  `mov_id` int(11) NOT NULL,
  `role` char(30) NOT NULL
) ENGINE=InnoDB DEFAULT CHARSET=latin1;

--
-- Dumping data for table `movie_cast`
--

INSERT INTO `movie_cast` (`act_id`, `mov_id`, `role`) VALUES
(4, 24, 'Haliaeetus leucocephalus'),
(7, 16, 'Lycaon pictus'),
(10, 1, 'Merops nubicus'),
(1, 7, 'Otaria flavescens'),
(10, 11, 'Nycticorax nycticorax'),
(9, 10, 'Buteo galapagoensis'),
(2, 22, 'Otaria flavescens'),
(3, 7, 'Coluber constrictor'),
(9, 12, 'Haematopus ater'),
(5, 28, 'Ramphastos tucanus'),
(10, 5, 'Felis concolor'),
(8, 2, 'unavailable'),
(3, 23, 'Bettongia penicillata'),
(10, 7, 'Oreamnos americanus'),
(3, 1, 'Felis silvestris lybica'),
(9, 2, 'Macropus rufogriseus'),
(9, 27, 'Boa constrictor mexicana'),
(2, 10, 'Herpestes javanicus'),
(7, 13, 'Isoodon obesulus'),
(5, 8, 'Chamaelo sp.'),
(9, 11, 'Tetracerus quadricornis'),
(4, 27, 'Alouatta seniculus'),
(6, 24, 'unavailable'),
(4, 23, 'Neotoma sp.'),
(7, 9, 'Meles meles'),
(10, 12, 'Spizaetus coronatus'),
(9, 7, 'Microcavia australis'),
(9, 22, 'Phoenicopterus ruber'),
(7, 17, 'Loxodonta africana'),
(1, 5, 'Rhea americana'),
(2, 1, 'Herpestes javanicus'),
(6, 11, 'Zosterops pallidus'),
(9, 14, 'Canis aureus'),
(6, 28, 'Eurocephalus anguitimens'),
(1, 27, 'Cochlearius cochlearius'),
(7, 8, 'Larus dominicanus'),
(5, 12, 'unavailable'),
(9, 7, 'Butorides striatus'),
(9, 23, 'Pseudocheirus peregrinus'),
(9, 11, 'Spizaetus coronatus'),
(5, 25, 'Alligator mississippiensis'),
(3, 4, 'Mungos mungo'),
(8, 11, 'Lycosa godeffroyi'),
(4, 5, 'Passer domesticus'),
(7, 27, 'Tragelaphus strepsiceros'),
(3, 28, 'Heloderma horridum'),
(4, 16, 'Laniaurius atrococcineus'),
(3, 29, 'Turtur chalcospilos'),
(5, 15, 'Manouria emys'),
(8, 9, 'Ovis ammon'),
(7, 29, 'Limnocorax flavirostra'),
(9, 18, 'Cebus apella'),
(3, 26, 'Phascogale calura'),
(9, 4, 'Otaria flavescens'),
(3, 22, 'Haematopus ater'),
(9, 28, 'Alligator mississippiensis'),
(8, 5, 'Colaptes campestroides'),
(3, 21, 'Pavo cristatus'),
(2, 6, 'Nyctereutes procyonoides'),
(2, 26, 'Tadorna tadorna'),
(4, 24, 'Haliaeetus leucocephalus'),
(7, 16, 'Lycaon pictus'),
(10, 1, 'Merops nubicus'),
(1, 7, 'Otaria flavescens'),
(10, 11, 'Nycticorax nycticorax'),
(9, 10, 'Buteo galapagoensis'),
(2, 22, 'Otaria flavescens'),
(3, 7, 'Coluber constrictor'),
(9, 12, 'Haematopus ater'),
(5, 28, 'Ramphastos tucanus'),
(10, 5, 'Felis concolor'),
(8, 2, 'unavailable'),
(3, 23, 'Bettongia penicillata'),
(10, 7, 'Oreamnos americanus'),
(3, 1, 'Felis silvestris lybica'),
(9, 2, 'Macropus rufogriseus'),
(9, 27, 'Boa constrictor mexicana'),
(2, 10, 'Herpestes javanicus'),
(7, 13, 'Isoodon obesulus'),
(5, 8, 'Chamaelo sp.'),
(9, 11, 'Tetracerus quadricornis'),
(4, 27, 'Alouatta seniculus'),
(6, 24, 'unavailable'),
(4, 23, 'Neotoma sp.'),
(7, 9, 'Meles meles'),
(10, 12, 'Spizaetus coronatus'),
(9, 7, 'Microcavia australis'),
(9, 22, 'Phoenicopterus ruber'),
(7, 17, 'Loxodonta africana'),
(1, 5, 'Rhea americana'),
(2, 1, 'Herpestes javanicus'),
(6, 11, 'Zosterops pallidus'),
(9, 14, 'Canis aureus'),
(6, 28, 'Eurocephalus anguitimens'),
(1, 27, 'Cochlearius cochlearius'),
(7, 8, 'Larus dominicanus'),
(5, 12, 'unavailable'),
(9, 7, 'Butorides striatus'),
(9, 23, 'Pseudocheirus peregrinus'),
(9, 11, 'Spizaetus coronatus'),
(5, 25, 'Alligator mississippiensis'),
(3, 4, 'Mungos mungo'),
(8, 11, 'Lycosa godeffroyi'),
(4, 5, 'Passer domesticus'),
(7, 27, 'Tragelaphus strepsiceros'),
(3, 28, 'Heloderma horridum'),
(4, 16, 'Laniaurius atrococcineus'),
(3, 29, 'Turtur chalcospilos'),
(5, 15, 'Manouria emys'),
(8, 9, 'Ovis ammon'),
(7, 29, 'Limnocorax flavirostra'),
(9, 18, 'Cebus apella'),
(3, 26, 'Phascogale calura'),
(9, 4, 'Otaria flavescens'),
(3, 22, 'Haematopus ater'),
(9, 28, 'Alligator mississippiensis'),
(8, 5, 'Colaptes campestroides'),
(3, 21, 'Pavo cristatus'),
(2, 6, 'Nyctereutes procyonoides'),
(2, 26, 'Tadorna tadorna'),
(4, 24, 'Haliaeetus leucocephalus'),
(7, 16, 'Lycaon pictus'),
(10, 1, 'Merops nubicus'),
(1, 7, 'Otaria flavescens'),
(10, 11, 'Nycticorax nycticorax'),
(9, 10, 'Buteo galapagoensis'),
(2, 22, 'Otaria flavescens'),
(3, 7, 'Coluber constrictor'),
(9, 12, 'Haematopus ater'),
(5, 28, 'Ramphastos tucanus'),
(10, 5, 'Felis concolor'),
(8, 2, 'unavailable'),
(3, 23, 'Bettongia penicillata'),
(10, 7, 'Oreamnos americanus'),
(3, 1, 'Felis silvestris lybica'),
(9, 2, 'Macropus rufogriseus'),
(9, 27, 'Boa constrictor mexicana'),
(2, 10, 'Herpestes javanicus'),
(7, 13, 'Isoodon obesulus'),
(5, 8, 'Chamaelo sp.'),
(9, 11, 'Tetracerus quadricornis'),
(4, 27, 'Alouatta seniculus'),
(6, 24, 'unavailable'),
(4, 23, 'Neotoma sp.'),
(7, 9, 'Meles meles'),
(10, 12, 'Spizaetus coronatus'),
(9, 7, 'Microcavia australis'),
(9, 22, 'Phoenicopterus ruber'),
(7, 17, 'Loxodonta africana'),
(1, 5, 'Rhea americana'),
(2, 1, 'Herpestes javanicus'),
(6, 11, 'Zosterops pallidus'),
(9, 14, 'Canis aureus'),
(6, 28, 'Eurocephalus anguitimens'),
(1, 27, 'Cochlearius cochlearius'),
(7, 8, 'Larus dominicanus'),
(5, 12, 'unavailable'),
(9, 7, 'Butorides striatus'),
(9, 23, 'Pseudocheirus peregrinus'),
(9, 11, 'Spizaetus coronatus'),
(5, 25, 'Alligator mississippiensis'),
(3, 4, 'Mungos mungo'),
(8, 11, 'Lycosa godeffroyi'),
(4, 5, 'Passer domesticus'),
(7, 27, 'Tragelaphus strepsiceros'),
(3, 28, 'Heloderma horridum'),
(4, 16, 'Laniaurius atrococcineus'),
(3, 29, 'Turtur chalcospilos'),
(5, 15, 'Manouria emys'),
(8, 9, 'Ovis ammon'),
(7, 29, 'Limnocorax flavirostra'),
(9, 18, 'Cebus apella'),
(3, 26, 'Phascogale calura'),
(9, 4, 'Otaria flavescens'),
(3, 22, 'Haematopus ater'),
(9, 28, 'Alligator mississippiensis'),
(8, 5, 'Colaptes campestroides'),
(3, 21, 'Pavo cristatus'),
(2, 6, 'Nyctereutes procyonoides'),
(2, 26, 'Tadorna tadorna'),
(4, 24, 'Haliaeetus leucocephalus'),
(7, 16, 'Lycaon pictus'),
(10, 1, 'Merops nubicus'),
(1, 7, 'Otaria flavescens'),
(10, 11, 'Nycticorax nycticorax'),
(9, 10, 'Buteo galapagoensis'),
(2, 22, 'Otaria flavescens'),
(3, 7, 'Coluber constrictor'),
(9, 12, 'Haematopus ater'),
(5, 28, 'Ramphastos tucanus'),
(10, 5, 'Felis concolor'),
(8, 2, 'unavailable'),
(3, 23, 'Bettongia penicillata'),
(10, 7, 'Oreamnos americanus'),
(3, 1, 'Felis silvestris lybica'),
(9, 2, 'Macropus rufogriseus'),
(9, 27, 'Boa constrictor mexicana'),
(2, 10, 'Herpestes javanicus'),
(7, 13, 'Isoodon obesulus'),
(5, 8, 'Chamaelo sp.'),
(9, 11, 'Tetracerus quadricornis'),
(4, 27, 'Alouatta seniculus'),
(6, 24, 'unavailable'),
(4, 23, 'Neotoma sp.'),
(7, 9, 'Meles meles'),
(10, 12, 'Spizaetus coronatus'),
(9, 7, 'Microcavia australis'),
(9, 22, 'Phoenicopterus ruber'),
(7, 17, 'Loxodonta africana'),
(1, 5, 'Rhea americana'),
(2, 1, 'Herpestes javanicus'),
(6, 11, 'Zosterops pallidus'),
(9, 14, 'Canis aureus'),
(6, 28, 'Eurocephalus anguitimens'),
(1, 27, 'Cochlearius cochlearius'),
(7, 8, 'Larus dominicanus'),
(5, 12, 'unavailable'),
(9, 7, 'Butorides striatus'),
(9, 23, 'Pseudocheirus peregrinus'),
(9, 11, 'Spizaetus coronatus'),
(5, 25, 'Alligator mississippiensis'),
(3, 4, 'Mungos mungo'),
(8, 11, 'Lycosa godeffroyi'),
(4, 5, 'Passer domesticus'),
(7, 27, 'Tragelaphus strepsiceros'),
(3, 28, 'Heloderma horridum'),
(4, 16, 'Laniaurius atrococcineus'),
(3, 29, 'Turtur chalcospilos'),
(5, 15, 'Manouria emys'),
(8, 9, 'Ovis ammon'),
(7, 29, 'Limnocorax flavirostra'),
(9, 18, 'Cebus apella'),
(3, 26, 'Phascogale calura'),
(9, 4, 'Otaria flavescens'),
(3, 22, 'Haematopus ater'),
(9, 28, 'Alligator mississippiensis'),
(8, 5, 'Colaptes campestroides'),
(3, 21, 'Pavo cristatus'),
(2, 6, 'Nyctereutes procyonoides'),
(2, 26, 'Tadorna tadorna'),
(4, 24, 'Haliaeetus leucocephalus'),
(7, 16, 'Lycaon pictus'),
(10, 1, 'Merops nubicus'),
(1, 7, 'Otaria flavescens'),
(10, 11, 'Nycticorax nycticorax'),
(9, 10, 'Buteo galapagoensis'),
(2, 22, 'Otaria flavescens'),
(3, 7, 'Coluber constrictor'),
(9, 12, 'Haematopus ater'),
(5, 28, 'Ramphastos tucanus'),
(10, 5, 'Felis concolor'),
(8, 2, 'unavailable'),
(3, 23, 'Bettongia penicillata'),
(10, 7, 'Oreamnos americanus'),
(3, 1, 'Felis silvestris lybica'),
(9, 2, 'Macropus rufogriseus'),
(9, 27, 'Boa constrictor mexicana'),
(2, 10, 'Herpestes javanicus'),
(7, 13, 'Isoodon obesulus'),
(5, 8, 'Chamaelo sp.'),
(9, 11, 'Tetracerus quadricornis'),
(4, 27, 'Alouatta seniculus'),
(6, 24, 'unavailable'),
(4, 23, 'Neotoma sp.'),
(7, 9, 'Meles meles'),
(10, 12, 'Spizaetus coronatus'),
(9, 7, 'Microcavia australis'),
(9, 22, 'Phoenicopterus ruber'),
(7, 17, 'Loxodonta africana'),
(1, 5, 'Rhea americana'),
(2, 1, 'Herpestes javanicus'),
(6, 11, 'Zosterops pallidus'),
(9, 14, 'Canis aureus'),
(6, 28, 'Eurocephalus anguitimens'),
(1, 27, 'Cochlearius cochlearius'),
(7, 8, 'Larus dominicanus'),
(5, 12, 'unavailable'),
(9, 7, 'Butorides striatus'),
(9, 23, 'Pseudocheirus peregrinus'),
(9, 11, 'Spizaetus coronatus'),
(5, 25, 'Alligator mississippiensis'),
(3, 4, 'Mungos mungo'),
(8, 11, 'Lycosa godeffroyi'),
(4, 5, 'Passer domesticus'),
(7, 27, 'Tragelaphus strepsiceros'),
(3, 28, 'Heloderma horridum'),
(4, 16, 'Laniaurius atrococcineus'),
(3, 29, 'Turtur chalcospilos'),
(5, 15, 'Manouria emys'),
(8, 9, 'Ovis ammon'),
(7, 29, 'Limnocorax flavirostra'),
(9, 18, 'Cebus apella'),
(3, 26, 'Phascogale calura'),
(9, 4, 'Otaria flavescens'),
(3, 22, 'Haematopus ater'),
(9, 28, 'Alligator mississippiensis'),
(8, 5, 'Colaptes campestroides'),
(3, 21, 'Pavo cristatus'),
(2, 6, 'Nyctereutes procyonoides'),
(2, 26, 'Tadorna tadorna'),
(4, 24, 'Haliaeetus leucocephalus'),
(7, 16, 'Lycaon pictus'),
(10, 1, 'Merops nubicus'),
(1, 7, 'Otaria flavescens'),
(10, 11, 'Nycticorax nycticorax'),
(9, 10, 'Buteo galapagoensis'),
(2, 22, 'Otaria flavescens'),
(3, 7, 'Coluber constrictor'),
(9, 12, 'Haematopus ater'),
(5, 28, 'Ramphastos tucanus'),
(10, 5, 'Felis concolor'),
(8, 2, 'unavailable'),
(3, 23, 'Bettongia penicillata'),
(10, 7, 'Oreamnos americanus'),
(3, 1, 'Felis silvestris lybica'),
(9, 2, 'Macropus rufogriseus'),
(9, 27, 'Boa constrictor mexicana'),
(2, 10, 'Herpestes javanicus'),
(7, 13, 'Isoodon obesulus'),
(5, 8, 'Chamaelo sp.'),
(9, 11, 'Tetracerus quadricornis'),
(4, 27, 'Alouatta seniculus'),
(6, 24, 'unavailable'),
(4, 23, 'Neotoma sp.'),
(7, 9, 'Meles meles'),
(10, 12, 'Spizaetus coronatus'),
(9, 7, 'Microcavia australis'),
(9, 22, 'Phoenicopterus ruber'),
(7, 17, 'Loxodonta africana'),
(1, 5, 'Rhea americana'),
(2, 1, 'Herpestes javanicus'),
(6, 11, 'Zosterops pallidus'),
(9, 14, 'Canis aureus'),
(6, 28, 'Eurocephalus anguitimens'),
(1, 27, 'Cochlearius cochlearius'),
(7, 8, 'Larus dominicanus'),
(5, 12, 'unavailable'),
(9, 7, 'Butorides striatus'),
(9, 23, 'Pseudocheirus peregrinus'),
(9, 11, 'Spizaetus coronatus'),
(5, 25, 'Alligator mississippiensis'),
(3, 4, 'Mungos mungo'),
(8, 11, 'Lycosa godeffroyi'),
(4, 5, 'Passer domesticus'),
(7, 27, 'Tragelaphus strepsiceros'),
(3, 28, 'Heloderma horridum'),
(4, 16, 'Laniaurius atrococcineus'),
(3, 29, 'Turtur chalcospilos'),
(5, 15, 'Manouria emys'),
(8, 9, 'Ovis ammon'),
(7, 29, 'Limnocorax flavirostra'),
(9, 18, 'Cebus apella'),
(3, 26, 'Phascogale calura'),
(9, 4, 'Otaria flavescens'),
(3, 22, 'Haematopus ater'),
(9, 28, 'Alligator mississippiensis'),
(8, 5, 'Colaptes campestroides'),
(3, 21, 'Pavo cristatus'),
(2, 6, 'Nyctereutes procyonoides'),
(2, 26, 'Tadorna tadorna'),
(4, 24, 'Haliaeetus leucocephalus'),
(7, 16, 'Lycaon pictus'),
(10, 1, 'Merops nubicus'),
(1, 7, 'Otaria flavescens'),
(10, 11, 'Nycticorax nycticorax'),
(9, 10, 'Buteo galapagoensis'),
(2, 22, 'Otaria flavescens'),
(3, 7, 'Coluber constrictor'),
(9, 12, 'Haematopus ater'),
(5, 28, 'Ramphastos tucanus'),
(10, 5, 'Felis concolor'),
(8, 2, 'unavailable'),
(3, 23, 'Bettongia penicillata'),
(10, 7, 'Oreamnos americanus'),
(3, 1, 'Felis silvestris lybica'),
(9, 2, 'Macropus rufogriseus'),
(9, 27, 'Boa constrictor mexicana'),
(2, 10, 'Herpestes javanicus'),
(7, 13, 'Isoodon obesulus'),
(5, 8, 'Chamaelo sp.'),
(9, 11, 'Tetracerus quadricornis'),
(4, 27, 'Alouatta seniculus'),
(6, 24, 'unavailable'),
(4, 23, 'Neotoma sp.'),
(7, 9, 'Meles meles'),
(10, 12, 'Spizaetus coronatus'),
(9, 7, 'Microcavia australis'),
(9, 22, 'Phoenicopterus ruber'),
(7, 17, 'Loxodonta africana'),
(1, 5, 'Rhea americana'),
(2, 1, 'Herpestes javanicus'),
(6, 11, 'Zosterops pallidus'),
(9, 14, 'Canis aureus'),
(6, 28, 'Eurocephalus anguitimens'),
(1, 27, 'Cochlearius cochlearius'),
(7, 8, 'Larus dominicanus'),
(5, 12, 'unavailable'),
(9, 7, 'Butorides striatus'),
(9, 23, 'Pseudocheirus peregrinus'),
(9, 11, 'Spizaetus coronatus'),
(5, 25, 'Alligator mississippiensis'),
(3, 4, 'Mungos mungo'),
(8, 11, 'Lycosa godeffroyi'),
(4, 5, 'Passer domesticus'),
(7, 27, 'Tragelaphus strepsiceros'),
(3, 28, 'Heloderma horridum'),
(4, 16, 'Laniaurius atrococcineus'),
(3, 29, 'Turtur chalcospilos'),
(5, 15, 'Manouria emys'),
(8, 9, 'Ovis ammon'),
(7, 29, 'Limnocorax flavirostra'),
(9, 18, 'Cebus apella'),
(3, 26, 'Phascogale calura'),
(9, 4, 'Otaria flavescens'),
(3, 22, 'Haematopus ater'),
(9, 28, 'Alligator mississippiensis'),
(8, 5, 'Colaptes campestroides'),
(3, 21, 'Pavo cristatus'),
(2, 6, 'Nyctereutes procyonoides'),
(2, 26, 'Tadorna tadorna'),
(4, 24, 'Haliaeetus leucocephalus'),
(7, 16, 'Lycaon pictus'),
(10, 1, 'Merops nubicus'),
(1, 7, 'Otaria flavescens'),
(10, 11, 'Nycticorax nycticorax'),
(9, 10, 'Buteo galapagoensis'),
(2, 22, 'Otaria flavescens'),
(3, 7, 'Coluber constrictor'),
(9, 12, 'Haematopus ater'),
(5, 28, 'Ramphastos tucanus'),
(10, 5, 'Felis concolor'),
(8, 2, 'unavailable'),
(3, 23, 'Bettongia penicillata'),
(10, 7, 'Oreamnos americanus'),
(3, 1, 'Felis silvestris lybica'),
(9, 2, 'Macropus rufogriseus'),
(9, 27, 'Boa constrictor mexicana'),
(2, 10, 'Herpestes javanicus'),
(7, 13, 'Isoodon obesulus'),
(5, 8, 'Chamaelo sp.'),
(9, 11, 'Tetracerus quadricornis'),
(4, 27, 'Alouatta seniculus'),
(6, 24, 'unavailable'),
(4, 23, 'Neotoma sp.'),
(7, 9, 'Meles meles'),
(10, 12, 'Spizaetus coronatus'),
(9, 7, 'Microcavia australis'),
(9, 22, 'Phoenicopterus ruber'),
(7, 17, 'Loxodonta africana'),
(1, 5, 'Rhea americana'),
(2, 1, 'Herpestes javanicus'),
(6, 11, 'Zosterops pallidus'),
(9, 14, 'Canis aureus'),
(6, 28, 'Eurocephalus anguitimens'),
(1, 27, 'Cochlearius cochlearius'),
(7, 8, 'Larus dominicanus'),
(5, 12, 'unavailable'),
(9, 7, 'Butorides striatus'),
(9, 23, 'Pseudocheirus peregrinus'),
(9, 11, 'Spizaetus coronatus'),
(5, 25, 'Alligator mississippiensis'),
(3, 4, 'Mungos mungo'),
(8, 11, 'Lycosa godeffroyi'),
(4, 5, 'Passer domesticus'),
(7, 27, 'Tragelaphus strepsiceros'),
(3, 28, 'Heloderma horridum'),
(4, 16, 'Laniaurius atrococcineus'),
(3, 29, 'Turtur chalcospilos'),
(5, 15, 'Manouria emys'),
(8, 9, 'Ovis ammon'),
(7, 29, 'Limnocorax flavirostra'),
(9, 18, 'Cebus apella'),
(3, 26, 'Phascogale calura'),
(9, 4, 'Otaria flavescens'),
(3, 22, 'Haematopus ater'),
(9, 28, 'Alligator mississippiensis'),
(8, 5, 'Colaptes campestroides'),
(3, 21, 'Pavo cristatus'),
(2, 6, 'Nyctereutes procyonoides'),
(2, 26, 'Tadorna tadorna'),
(4, 24, 'Haliaeetus leucocephalus'),
(7, 16, 'Lycaon pictus'),
(10, 1, 'Merops nubicus'),
(1, 7, 'Otaria flavescens'),
(10, 11, 'Nycticorax nycticorax'),
(9, 10, 'Buteo galapagoensis'),
(2, 22, 'Otaria flavescens'),
(3, 7, 'Coluber constrictor'),
(9, 12, 'Haematopus ater'),
(5, 28, 'Ramphastos tucanus'),
(10, 5, 'Felis concolor'),
(8, 2, 'unavailable'),
(3, 23, 'Bettongia penicillata'),
(10, 7, 'Oreamnos americanus'),
(3, 1, 'Felis silvestris lybica'),
(9, 2, 'Macropus rufogriseus'),
(9, 27, 'Boa constrictor mexicana'),
(2, 10, 'Herpestes javanicus'),
(7, 13, 'Isoodon obesulus'),
(5, 8, 'Chamaelo sp.'),
(9, 11, 'Tetracerus quadricornis'),
(4, 27, 'Alouatta seniculus'),
(6, 24, 'unavailable'),
(4, 23, 'Neotoma sp.'),
(7, 9, 'Meles meles'),
(10, 12, 'Spizaetus coronatus'),
(9, 7, 'Microcavia australis'),
(9, 22, 'Phoenicopterus ruber'),
(7, 17, 'Loxodonta africana'),
(1, 5, 'Rhea americana'),
(2, 1, 'Herpestes javanicus'),
(6, 11, 'Zosterops pallidus'),
(9, 14, 'Canis aureus'),
(6, 28, 'Eurocephalus anguitimens'),
(1, 27, 'Cochlearius cochlearius'),
(7, 8, 'Larus dominicanus'),
(5, 12, 'unavailable'),
(9, 7, 'Butorides striatus'),
(9, 23, 'Pseudocheirus peregrinus'),
(9, 11, 'Spizaetus coronatus'),
(5, 25, 'Alligator mississippiensis'),
(3, 4, 'Mungos mungo'),
(8, 11, 'Lycosa godeffroyi'),
(4, 5, 'Passer domesticus'),
(7, 27, 'Tragelaphus strepsiceros'),
(3, 28, 'Heloderma horridum'),
(4, 16, 'Laniaurius atrococcineus'),
(3, 29, 'Turtur chalcospilos'),
(5, 15, 'Manouria emys'),
(8, 9, 'Ovis ammon'),
(7, 29, 'Limnocorax flavirostra'),
(9, 18, 'Cebus apella'),
(3, 26, 'Phascogale calura'),
(9, 4, 'Otaria flavescens'),
(3, 22, 'Haematopus ater'),
(9, 28, 'Alligator mississippiensis'),
(8, 5, 'Colaptes campestroides'),
(3, 21, 'Pavo cristatus'),
(2, 6, 'Nyctereutes procyonoides'),
(2, 26, 'Tadorna tadorna');

-- --------------------------------------------------------

--
-- Table structure for table `movie_direction`
--

CREATE TABLE `movie_direction` (
  `dir_id` int(11) NOT NULL,
  `mov_id` int(11) NOT NULL
) ENGINE=InnoDB DEFAULT CHARSET=latin1;

--
-- Dumping data for table `movie_direction`
--

INSERT INTO `movie_direction` (`dir_id`, `mov_id`) VALUES
(4, 1),
(2, 2),
(1, 27),
(7, 4),
(5, 5),
(1, 5),
(7, 7),
(3, 8),
(7, 9),
(2, 10),
(7, 11),
(6, 12),
(7, 13),
(2, 14),
(2, 15),
(6, 16),
(6, 17),
(3, 18),
(6, 19),
(5, 20),
(5, 21),
(6, 22),
(6, 23),
(6, 24),
(7, 25),
(7, 26),
(4, 27),
(6, 28),
(2, 29),
(3, 30),
(4, 1),
(2, 2),
(1, 27),
(7, 4),
(5, 5),
(1, 5),
(7, 7),
(3, 8),
(7, 9),
(2, 10),
(7, 11),
(6, 12),
(7, 13),
(2, 14),
(2, 15),
(6, 16),
(6, 17),
(3, 18),
(6, 19),
(5, 20),
(5, 21),
(6, 22),
(6, 23),
(6, 24),
(7, 25),
(7, 26),
(4, 27),
(6, 28),
(2, 29),
(3, 30),
(4, 1),
(2, 2),
(1, 27),
(7, 4),
(5, 5),
(1, 5),
(7, 7),
(3, 8),
(7, 9),
(2, 10),
(7, 11),
(6, 12),
(7, 13),
(2, 14),
(2, 15),
(6, 16),
(6, 17),
(3, 18),
(6, 19),
(5, 20),
(5, 21),
(6, 22),
(6, 23),
(6, 24),
(7, 25),
(7, 26),
(4, 27),
(6, 28),
(2, 29),
(3, 30),
(4, 1),
(2, 2),
(1, 27),
(7, 4),
(5, 5),
(1, 5),
(7, 7),
(3, 8),
(7, 9),
(2, 10),
(7, 11),
(6, 12),
(7, 13),
(2, 14),
(2, 15),
(6, 16),
(6, 17),
(3, 18),
(6, 19),
(5, 20),
(5, 21),
(6, 22),
(6, 23),
(6, 24),
(7, 25),
(7, 26),
(4, 27),
(6, 28),
(2, 29),
(3, 30),
(4, 1),
(2, 2),
(1, 27),
(7, 4),
(5, 5),
(1, 5),
(7, 7),
(3, 8),
(7, 9),
(2, 10),
(7, 11),
(6, 12),
(7, 13),
(2, 14),
(2, 15),
(6, 16),
(6, 17),
(3, 18),
(6, 19),
(5, 20),
(5, 21),
(6, 22),
(6, 23),
(6, 24),
(7, 25),
(7, 26),
(4, 27),
(6, 28),
(2, 29),
(3, 30),
(4, 1),
(2, 2),
(1, 27),
(7, 4),
(5, 5),
(1, 5),
(7, 7),
(3, 8),
(7, 9),
(2, 10),
(7, 11),
(6, 12),
(7, 13),
(2, 14),
(2, 15),
(6, 16),
(6, 17),
(3, 18),
(6, 19),
(5, 20),
(5, 21),
(6, 22),
(6, 23),
(6, 24),
(7, 25),
(7, 26),
(4, 27),
(6, 28),
(2, 29),
(3, 30),
(4, 1),
(2, 2),
(1, 27),
(7, 4),
(5, 5),
(1, 5),
(7, 7),
(3, 8),
(7, 9),
(2, 10),
(7, 11),
(6, 12),
(7, 13),
(2, 14),
(2, 15),
(6, 16),
(6, 17),
(3, 18),
(6, 19),
(5, 20),
(5, 21),
(6, 22),
(6, 23),
(6, 24),
(7, 25),
(7, 26),
(4, 27),
(6, 28),
(2, 29),
(3, 30),
(4, 1),
(2, 2),
(1, 27),
(7, 4),
(5, 5),
(1, 5),
(7, 7),
(3, 8),
(7, 9),
(2, 10),
(7, 11),
(6, 12),
(7, 13),
(2, 14),
(2, 15),
(6, 16),
(6, 17),
(3, 18),
(6, 19),
(5, 20),
(5, 21),
(6, 22),
(6, 23),
(6, 24),
(7, 25),
(7, 26),
(4, 27),
(6, 28),
(2, 29),
(3, 30),
(4, 1),
(2, 2),
(1, 27),
(7, 4),
(5, 5),
(1, 5),
(7, 7),
(3, 8),
(7, 9),
(2, 10),
(7, 11),
(6, 12),
(7, 13),
(2, 14),
(2, 15),
(6, 16),
(6, 17),
(3, 18),
(6, 19),
(5, 20),
(5, 21),
(6, 22),
(6, 23),
(6, 24),
(7, 25),
(7, 26),
(4, 27),
(6, 28),
(2, 29),
(3, 30);

-- --------------------------------------------------------

--
-- Table structure for table `movie_genres`
--

CREATE TABLE `movie_genres` (
  `mov_id` int(11) NOT NULL,
  `gen_id` int(11) NOT NULL
) ENGINE=InnoDB DEFAULT CHARSET=latin1;

--
-- Dumping data for table `movie_genres`
--

INSERT INTO `movie_genres` (`mov_id`, `gen_id`) VALUES
(1, 4),
(2, 4),
(3, 2),
(4, 1),
(5, 2),
(6, 5),
(7, 5),
(8, 3),
(9, 5),
(10, 4),
(11, 3),
(12, 4),
(13, 1),
(14, 1),
(15, 5),
(16, 2),
(17, 3),
(18, 4),
(19, 4),
(20, 1),
(21, 1),
(22, 1),
(23, 1),
(24, 2),
(25, 1),
(26, 4),
(27, 1),
(28, 3),
(29, 4),
(30, 4),
(1, 4),
(2, 4),
(3, 2),
(4, 1),
(5, 2),
(6, 5),
(7, 5),
(8, 3),
(9, 5),
(10, 4),
(11, 3),
(12, 4),
(13, 1),
(14, 1),
(15, 5),
(16, 2),
(17, 3),
(18, 4),
(19, 4),
(20, 1),
(21, 1),
(22, 1),
(23, 1),
(24, 2),
(25, 1),
(26, 4),
(27, 1),
(28, 3),
(29, 4),
(30, 4),
(1, 4),
(2, 4),
(3, 2),
(4, 1),
(5, 2),
(6, 5),
(7, 5),
(8, 3),
(9, 5),
(10, 4),
(11, 3),
(12, 4),
(13, 1),
(14, 1),
(15, 5),
(16, 2),
(17, 3),
(18, 4),
(19, 4),
(20, 1),
(21, 1),
(22, 1),
(23, 1),
(24, 2),
(25, 1),
(26, 4),
(27, 1),
(28, 3),
(29, 4),
(30, 4),
(1, 4),
(2, 4),
(3, 2),
(4, 1),
(5, 2),
(6, 5),
(7, 5),
(8, 3),
(9, 5),
(10, 4),
(11, 3),
(12, 4),
(13, 1),
(14, 1),
(15, 5),
(16, 2),
(17, 3),
(18, 4),
(19, 4),
(20, 1),
(21, 1),
(22, 1),
(23, 1),
(24, 2),
(25, 1),
(26, 4),
(27, 1),
(28, 3),
(29, 4),
(30, 4),
(1, 4),
(2, 4),
(3, 2),
(4, 1),
(5, 2),
(6, 5),
(7, 5),
(8, 3),
(9, 5),
(10, 4),
(11, 3),
(12, 4),
(13, 1),
(14, 1),
(15, 5),
(16, 2),
(17, 3),
(18, 4),
(19, 4),
(20, 1),
(21, 1),
(22, 1),
(23, 1),
(24, 2),
(25, 1),
(26, 4),
(27, 1),
(28, 3),
(29, 4),
(30, 4),
(1, 4),
(2, 4),
(3, 2),
(4, 1),
(5, 2),
(6, 5),
(7, 5),
(8, 3),
(9, 5),
(10, 4),
(11, 3),
(12, 4),
(13, 1),
(14, 1),
(15, 5),
(16, 2),
(17, 3),
(18, 4),
(19, 4),
(20, 1),
(21, 1),
(22, 1),
(23, 1),
(24, 2),
(25, 1),
(26, 4),
(27, 1),
(28, 3),
(29, 4),
(30, 4),
(1, 4),
(2, 4),
(3, 2),
(4, 1),
(5, 2),
(6, 5),
(7, 5),
(8, 3),
(9, 5),
(10, 4),
(11, 3),
(12, 4),
(13, 1),
(14, 1),
(15, 5),
(16, 2),
(17, 3),
(18, 4),
(19, 4),
(20, 1),
(21, 1),
(22, 1),
(23, 1),
(24, 2),
(25, 1),
(26, 4),
(27, 1),
(28, 3),
(29, 4),
(30, 4),
(1, 4),
(2, 4),
(3, 2),
(4, 1),
(5, 2),
(6, 5),
(7, 5),
(8, 3),
(9, 5),
(10, 4),
(11, 3),
(12, 4),
(13, 1),
(14, 1),
(15, 5),
(16, 2),
(17, 3),
(18, 4),
(19, 4),
(20, 1),
(21, 1),
(22, 1),
(23, 1),
(24, 2),
(25, 1),
(26, 4),
(27, 1),
(28, 3),
(29, 4),
(30, 4),
(1, 4),
(2, 4),
(3, 2),
(4, 1),
(5, 2),
(6, 5),
(7, 5),
(8, 3),
(9, 5),
(10, 4),
(11, 3),
(12, 4),
(13, 1),
(14, 1),
(15, 5),
(16, 2),
(17, 3),
(18, 4),
(19, 4),
(20, 1),
(21, 1),
(22, 1),
(23, 1),
(24, 2),
(25, 1),
(26, 4),
(27, 1),
(28, 3),
(29, 4),
(30, 4);

-- --------------------------------------------------------

--
-- Table structure for table `rating`
--

CREATE TABLE `rating` (
  `mov_id` int(11) NOT NULL,
  `rev_id` int(11) NOT NULL,
  `rev_stars` int(11) NOT NULL,
  `num_o_rating` int(11) NOT NULL
) ENGINE=InnoDB DEFAULT CHARSET=latin1;

--
-- Dumping data for table `rating`
--

INSERT INTO `rating` (`mov_id`, `rev_id`, `rev_stars`, `num_o_rating`) VALUES
(1, 1, 6, 601385),
(2, 2, 7, 659990),
(3, 3, 6, 573997),
(4, 4, 7, 282642),
(5, 5, 9, 660465),
(6, 6, 8, 504896),
(7, 7, 8, 157601),
(8, 8, 9, 139708),
(9, 9, 10, 512328),
(10, 10, 8, 486599),
(11, 11, 8, 620473),
(12, 12, 9, 498288),
(13, 13, 8, 244229),
(14, 14, 10, 124267),
(15, 15, 9, 307053),
(16, 16, 6, 425062),
(17, 17, 10, 305787),
(18, 18, 7, 202912),
(19, 19, 8, 203946),
(20, 20, 10, 567122),
(21, 21, 9, 332429),
(22, 22, 8, 271374),
(23, 23, 7, 539989),
(24, 24, 8, 29135),
(25, 25, 8, 707989),
(26, 26, 8, 328441),
(27, 27, 7, 749948),
(28, 28, 7, 581066),
(29, 29, 9, 53140),
(30, 30, 9, 667373),
(1, 1, 6, 601385),
(2, 2, 7, 659990),
(3, 3, 6, 573997),
(4, 4, 7, 282642),
(5, 5, 9, 660465),
(6, 6, 8, 504896),
(7, 7, 8, 157601),
(8, 8, 9, 139708),
(9, 9, 10, 512328),
(10, 10, 8, 486599),
(11, 11, 8, 620473),
(12, 12, 9, 498288),
(13, 13, 8, 244229),
(14, 14, 10, 124267),
(15, 15, 9, 307053),
(16, 16, 6, 425062),
(17, 17, 10, 305787),
(18, 18, 7, 202912),
(19, 19, 8, 203946),
(20, 20, 10, 567122),
(21, 21, 9, 332429),
(22, 22, 8, 271374),
(23, 23, 7, 539989),
(24, 24, 8, 29135),
(25, 25, 8, 707989),
(26, 26, 8, 328441),
(27, 27, 7, 749948),
(28, 28, 7, 581066),
(29, 29, 9, 53140),
(30, 30, 9, 667373),
(1, 1, 6, 601385),
(2, 2, 7, 659990),
(3, 3, 6, 573997),
(4, 4, 7, 282642),
(5, 5, 9, 660465),
(6, 6, 8, 504896),
(7, 7, 8, 157601),
(8, 8, 9, 139708),
(9, 9, 10, 512328),
(10, 10, 8, 486599),
(11, 11, 8, 620473),
(12, 12, 9, 498288),
(13, 13, 8, 244229),
(14, 14, 10, 124267),
(15, 15, 9, 307053),
(16, 16, 6, 425062),
(17, 17, 10, 305787),
(18, 18, 7, 202912),
(19, 19, 8, 203946),
(20, 20, 10, 567122),
(21, 21, 9, 332429),
(22, 22, 8, 271374),
(23, 23, 7, 539989),
(24, 24, 8, 29135),
(25, 25, 8, 707989),
(26, 26, 8, 328441),
(27, 27, 7, 749948),
(28, 28, 7, 581066),
(29, 29, 9, 53140),
(30, 30, 9, 667373),
(1, 1, 6, 601385),
(2, 2, 7, 659990),
(3, 3, 6, 573997),
(4, 4, 7, 282642),
(5, 5, 9, 660465),
(6, 6, 8, 504896),
(7, 7, 8, 157601),
(8, 8, 9, 139708),
(9, 9, 10, 512328),
(10, 10, 8, 486599),
(11, 11, 8, 620473),
(12, 12, 9, 498288),
(13, 13, 8, 244229),
(14, 14, 10, 124267),
(15, 15, 9, 307053),
(16, 16, 6, 425062),
(17, 17, 10, 305787),
(18, 18, 7, 202912),
(19, 19, 8, 203946),
(20, 20, 10, 567122),
(21, 21, 9, 332429),
(22, 22, 8, 271374),
(23, 23, 7, 539989),
(24, 24, 8, 29135),
(25, 25, 8, 707989),
(26, 26, 8, 328441),
(27, 27, 7, 749948),
(28, 28, 7, 581066),
(29, 29, 9, 53140),
(30, 30, 9, 667373),
(1, 1, 6, 601385),
(2, 2, 7, 659990),
(3, 3, 6, 573997),
(4, 4, 7, 282642),
(5, 5, 9, 660465),
(6, 6, 8, 504896),
(7, 7, 8, 157601),
(8, 8, 9, 139708),
(9, 9, 10, 512328),
(10, 10, 8, 486599),
(11, 11, 8, 620473),
(12, 12, 9, 498288),
(13, 13, 8, 244229),
(14, 14, 10, 124267),
(15, 15, 9, 307053),
(16, 16, 6, 425062),
(17, 17, 10, 305787),
(18, 18, 7, 202912),
(19, 19, 8, 203946),
(20, 20, 10, 567122),
(21, 21, 9, 332429),
(22, 22, 8, 271374),
(23, 23, 7, 539989),
(24, 24, 8, 29135),
(25, 25, 8, 707989),
(26, 26, 8, 328441),
(27, 27, 7, 749948),
(28, 28, 7, 581066),
(29, 29, 9, 53140),
(30, 30, 9, 667373),
(1, 1, 6, 601385),
(2, 2, 7, 659990),
(3, 3, 6, 573997),
(4, 4, 7, 282642),
(5, 5, 9, 660465),
(6, 6, 8, 504896),
(7, 7, 8, 157601),
(8, 8, 9, 139708),
(9, 9, 10, 512328),
(10, 10, 8, 486599),
(11, 11, 8, 620473),
(12, 12, 9, 498288),
(13, 13, 8, 244229),
(14, 14, 10, 124267),
(15, 15, 9, 307053),
(16, 16, 6, 425062),
(17, 17, 10, 305787),
(18, 18, 7, 202912),
(19, 19, 8, 203946),
(20, 20, 10, 567122),
(21, 21, 9, 332429),
(22, 22, 8, 271374),
(23, 23, 7, 539989),
(24, 24, 8, 29135),
(25, 25, 8, 707989),
(26, 26, 8, 328441),
(27, 27, 7, 749948),
(28, 28, 7, 581066),
(29, 29, 9, 53140),
(30, 30, 9, 667373),
(1, 1, 6, 601385),
(2, 2, 7, 659990),
(3, 3, 6, 573997),
(4, 4, 7, 282642),
(5, 5, 9, 660465),
(6, 6, 8, 504896),
(7, 7, 8, 157601),
(8, 8, 9, 139708),
(9, 9, 10, 512328),
(10, 10, 8, 486599),
(11, 11, 8, 620473),
(12, 12, 9, 498288),
(13, 13, 8, 244229),
(14, 14, 10, 124267),
(15, 15, 9, 307053),
(16, 16, 6, 425062),
(17, 17, 10, 305787),
(18, 18, 7, 202912),
(19, 19, 8, 203946),
(20, 20, 10, 567122),
(21, 21, 9, 332429),
(22, 22, 8, 271374),
(23, 23, 7, 539989),
(24, 24, 8, 29135),
(25, 25, 8, 707989),
(26, 26, 8, 328441),
(27, 27, 7, 749948),
(28, 28, 7, 581066),
(29, 29, 9, 53140),
(30, 30, 9, 667373),
(1, 1, 6, 601385),
(2, 2, 7, 659990),
(3, 3, 6, 573997),
(4, 4, 7, 282642),
(5, 5, 9, 660465),
(6, 6, 8, 504896),
(7, 7, 8, 157601),
(8, 8, 9, 139708),
(9, 9, 10, 512328),
(10, 10, 8, 486599),
(11, 11, 8, 620473),
(12, 12, 9, 498288),
(13, 13, 8, 244229),
(14, 14, 10, 124267),
(15, 15, 9, 307053),
(16, 16, 6, 425062),
(17, 17, 10, 305787),
(18, 18, 7, 202912),
(19, 19, 8, 203946),
(20, 20, 10, 567122),
(21, 21, 9, 332429),
(22, 22, 8, 271374),
(23, 23, 7, 539989),
(24, 24, 8, 29135),
(25, 25, 8, 707989),
(26, 26, 8, 328441),
(27, 27, 7, 749948),
(28, 28, 7, 581066),
(29, 29, 9, 53140),
(30, 30, 9, 667373),
(1, 1, 6, 601385),
(2, 2, 7, 659990),
(3, 3, 6, 573997),
(4, 4, 7, 282642),
(5, 5, 9, 660465),
(6, 6, 8, 504896),
(7, 7, 8, 157601),
(8, 8, 9, 139708),
(9, 9, 10, 512328),
(10, 10, 8, 486599),
(11, 11, 8, 620473),
(12, 12, 9, 498288),
(13, 13, 8, 244229),
(14, 14, 10, 124267),
(15, 15, 9, 307053),
(16, 16, 6, 425062),
(17, 17, 10, 305787),
(18, 18, 7, 202912),
(19, 19, 8, 203946),
(20, 20, 10, 567122),
(21, 21, 9, 332429),
(22, 22, 8, 271374),
(23, 23, 7, 539989),
(24, 24, 8, 29135),
(25, 25, 8, 707989),
(26, 26, 8, 328441),
(27, 27, 7, 749948),
(28, 28, 7, 581066),
(29, 29, 9, 53140),
(30, 30, 9, 667373);

-- --------------------------------------------------------

--
-- Table structure for table `reviewer`
--

CREATE TABLE `reviewer` (
  `rev_id` int(11) NOT NULL,
  `rev_name` char(30) NOT NULL
) ENGINE=InnoDB DEFAULT CHARSET=latin1;

--
-- Dumping data for table `reviewer`
--

INSERT INTO `reviewer` (`rev_id`, `rev_name`) VALUES
(1, 'Judith'),
(2, 'Rockie'),
(3, 'Paton'),
(4, 'Therine'),
(5, 'Jilli'),
(6, 'Carmita'),
(7, 'Saw'),
(8, 'Gail'),
(9, 'Stesha'),
(10, 'Diego'),
(11, 'Anastassia'),
(12, 'Nora'),
(13, 'Philip'),
(14, 'Marysa'),
(15, 'Christabel'),
(16, 'Corney'),
(17, 'Margi'),
(18, 'Margarethe'),
(19, 'Mead'),
(20, 'Hurley'),
(21, 'Harlie'),
(22, 'Thorstein'),
(23, 'Bernadina'),
(24, 'Susana'),
(25, 'Lazarus'),
(26, 'Sandro'),
(27, 'Jule'),
(28, 'Mariette'),
(29, 'Kattie'),
(30, 'Des');

-- --------------------------------------------------------

--
-- Table structure for table `tbl_konfigurasi`
--

CREATE TABLE `tbl_konfigurasi` (
  `id_konfigurasi` int(11) NOT NULL,
  `nama_website` varchar(225) NOT NULL,
  `logo` varchar(225) NOT NULL,
  `favicon` varchar(225) NOT NULL,
  `email` varchar(225) NOT NULL,
  `keywords` varchar(225) NOT NULL,
  `metatext` varchar(225) NOT NULL,
  `about` text NOT NULL
) ENGINE=InnoDB DEFAULT CHARSET=latin1;

--
-- Dumping data for table `tbl_konfigurasi`
--

INSERT INTO `tbl_konfigurasi` (`id_konfigurasi`, `nama_website`, `logo`, `favicon`, `email`, `keywords`, `metatext`, `about`) VALUES
(1, 'Movies PT. Ciptadrasoft', 'member.jpg', 'admin.jpg', 'admin@admin.com', 'PT Ciptadrasoft', 'movies web', 'Web ini berisi database movies');

-- --------------------------------------------------------

--
-- Table structure for table `users`
--

CREATE TABLE `users` (
  `id` int(11) NOT NULL,
  `username` varchar(100) NOT NULL,
  `password` varchar(100) NOT NULL,
  `email` varchar(100) DEFAULT NULL,
  `photo` varchar(100) DEFAULT 'no_image.png',
  `activated` tinyint(1) NOT NULL DEFAULT '1',
  `last_login` datetime DEFAULT NULL,
  `created_at` datetime DEFAULT NULL
) ENGINE=InnoDB DEFAULT CHARSET=latin1;

--
-- Dumping data for table `users`
--

INSERT INTO `users` (`id`, `username`, `password`, `email`, `photo`, `activated`, `last_login`, `created_at`) VALUES
(1, 'febryanramadhana', '$2y$05$avXIlYYERaetSpNrmQzkV.5JglkUEq2jOWjNk9nBxRIcHT5iqqgFC', 'febry@mail.com', 'no_image.png', 1, NULL, NULL),
(2, 'member', '$2y$05$8GdJw3BVbmhN6x2t0MNise7O0xqLMCNAN1cmP6fkhy0DZl4SxB5iO', 'member@mail.com', '1583991814826.jpg', 1, '2020-04-16 14:17:40', '2020-03-14 22:00:32'),
(14, 'febryan', '$2y$05$8GdJw3BVbmhN6x2t0MNise7O0xqLMCNAN1cmP6fkhy0DZl4SxB5iO', 'febryan@mail.com', 'no_image.png', 1, NULL, NULL),
(15, 'abc', '$2y$05$LybdvUwAmvuZqFu3GbSbau.FeZ.vmZ4AiCJC5s4vO8gTyOC7vXiXm', 'aaaaa@mail.com', 'no_image.png', 1, '2020-04-16 13:01:33', '2020-04-16 12:58:14'),
(16, 'agung januarrr', '$2y$05$gDOnhPRwNbwRAfVsPKJycuKE5AC2BGPZCw10ggIgD/dvL3JMXF3Su', 'agung.januar@ciptadrasoft.com', 'no_image.png', 1, '2020-04-09 21:19:12', '2020-04-09 21:15:42');

--
-- Indexes for dumped tables
--

--
-- Indexes for table `actor`
--
ALTER TABLE `actor`
  ADD PRIMARY KEY (`act_id`);

--
-- Indexes for table `director`
--
ALTER TABLE `director`
  ADD PRIMARY KEY (`dir_id`);

--
-- Indexes for table `genres`
--
ALTER TABLE `genres`
  ADD PRIMARY KEY (`gen_id`);

--
-- Indexes for table `movie`
--
ALTER TABLE `movie`
  ADD PRIMARY KEY (`mov_id`);

--
-- Indexes for table `movie_cast`
--
ALTER TABLE `movie_cast`
  ADD KEY `act_id` (`act_id`),
  ADD KEY `mov_id` (`mov_id`);

--
-- Indexes for table `movie_direction`
--
ALTER TABLE `movie_direction`
  ADD KEY `dir_id` (`dir_id`),
  ADD KEY `mov_id` (`mov_id`);

--
-- Indexes for table `movie_genres`
--
ALTER TABLE `movie_genres`
  ADD KEY `mov_id` (`mov_id`),
  ADD KEY `gen_id` (`gen_id`);

--
-- Indexes for table `rating`
--
ALTER TABLE `rating`
  ADD KEY `mov_id` (`mov_id`),
  ADD KEY `rev_id` (`rev_id`);

--
-- Indexes for table `reviewer`
--
ALTER TABLE `reviewer`
  ADD PRIMARY KEY (`rev_id`);

--
-- Indexes for table `tbl_konfigurasi`
--
ALTER TABLE `tbl_konfigurasi`
  ADD PRIMARY KEY (`id_konfigurasi`);

--
-- Indexes for table `users`
--
ALTER TABLE `users`
  ADD PRIMARY KEY (`id`);

--
-- AUTO_INCREMENT for dumped tables
--

--
-- AUTO_INCREMENT for table `actor`
--
ALTER TABLE `actor`
  MODIFY `act_id` int(11) NOT NULL AUTO_INCREMENT, AUTO_INCREMENT=36;

--
-- AUTO_INCREMENT for table `movie`
--
ALTER TABLE `movie`
  MODIFY `mov_id` int(11) NOT NULL AUTO_INCREMENT, AUTO_INCREMENT=43;

--
-- AUTO_INCREMENT for table `tbl_konfigurasi`
--
ALTER TABLE `tbl_konfigurasi`
  MODIFY `id_konfigurasi` int(11) NOT NULL AUTO_INCREMENT, AUTO_INCREMENT=2;

--
-- AUTO_INCREMENT for table `users`
--
ALTER TABLE `users`
  MODIFY `id` int(11) NOT NULL AUTO_INCREMENT, AUTO_INCREMENT=17;

--
-- Constraints for dumped tables
--

--
-- Constraints for table `movie_cast`
--
ALTER TABLE `movie_cast`
  ADD CONSTRAINT `movie_cast_ibfk_1` FOREIGN KEY (`mov_id`) REFERENCES `movie` (`mov_id`),
  ADD CONSTRAINT `movie_cast_ibfk_2` FOREIGN KEY (`act_id`) REFERENCES `actor` (`act_id`);

--
-- Constraints for table `movie_direction`
--
ALTER TABLE `movie_direction`
  ADD CONSTRAINT `movie_direction_ibfk_2` FOREIGN KEY (`dir_id`) REFERENCES `director` (`dir_id`),
  ADD CONSTRAINT `movie_direction_ibfk_3` FOREIGN KEY (`mov_id`) REFERENCES `movie` (`mov_id`);

--
-- Constraints for table `movie_genres`
--
ALTER TABLE `movie_genres`
  ADD CONSTRAINT `movie_genres_ibfk_1` FOREIGN KEY (`gen_id`) REFERENCES `genres` (`gen_id`),
  ADD CONSTRAINT `movie_genres_ibfk_2` FOREIGN KEY (`mov_id`) REFERENCES `movie` (`mov_id`);

--
-- Constraints for table `rating`
--
ALTER TABLE `rating`
  ADD CONSTRAINT `rating_ibfk_1` FOREIGN KEY (`rev_id`) REFERENCES `reviewer` (`rev_id`),
  ADD CONSTRAINT `rating_ibfk_2` FOREIGN KEY (`mov_id`) REFERENCES `movie` (`mov_id`);
COMMIT;

/*!40101 SET CHARACTER_SET_CLIENT=@OLD_CHARACTER_SET_CLIENT */;
/*!40101 SET CHARACTER_SET_RESULTS=@OLD_CHARACTER_SET_RESULTS */;
/*!40101 SET COLLATION_CONNECTION=@OLD_COLLATION_CONNECTION */;
